,level_0,index_x,song_id,name,index_y,energy,valence
0,0,0,6TfBA04WJ3X1d1wXhaCFVT,"You're Gonna Go Far, Kid",0,0.917,0.601
1,1,0,3dPQuX8Gs42Y7b454ybpMR,Seven Nation Army,0,0.446,0.278
2,2,0,5ghIJDpPoe3CfHMGu71E6T,Smells Like Teen Spirit,0,0.912,0.72
3,3,0,4EchqUKQ3qAQuRNKmeIpnf,The Kids Aren't Alright,0,0.943,0.766
4,4,0,6L89mwZXSOwYl76YXfX13s,Basket Case,0,0.943,0.781
5,5,0,1FkoVC85Ds3mFoK0fVqEqP,Self Esteem,0,0.862,0.706
6,6,0,5UWwZ5lm5PKu6eKsHAGxOk,Everlong,0,0.881,0.364
7,7,0,1qYcHo4wiesUC2VIRch45G,(Can't Get My) Head Around You,0,0.814,0.646
8,8,0,0G21yYKMZoHa30cYVi1iA8,Welcome To The Jungle,0,0.987,0.316
9,9,0,7EZC6E7UjZe63f1jRmkWxt,Zombie,0,0.649,0.312
10,10,0,5BnFZLH99sYav2cxJFGO2n,Gone Away - 1997,0,0.945,0.294
11,11,0,7j31rVgGX9Q2blT92VBEA0,Teenagers,0,0.857,0.856
12,12,0,6hwQ69v7VbPhTTR2fOtYX7,Want You Bad,0,0.966,0.614
13,13,0,5cZqsjVs6MevCnAkasbEOX,Break Stuff,0,0.884,0.624
14,14,0,3SFXsFpeGmBTtQvKiwYMDA,Pretty Fly (For A White Guy),0,0.895,0.963
15,15,0,2m1hi0nfMR9vdGC8UcrnwU,All The Small Things,0,0.897,0.684
16,16,0,5JJDu0Z5DKe7mR31MGksSg,Come Out and Play,0,0.77,0.921
17,17,0,2DlHlPMa4M17kufBvI2lEN,Chop Suey!,0,0.934,0.287
18,18,0,3lfmqF0ULXRHlWxBeaHo3t,Hit That,0,0.809,0.962
19,19,0,6eN1f9KNmiWEhpE2RhQqB5,Paradise City,0,0.98,0.395
20,20,0,7xm8RWCCBYvEVx1VyErDa3,Half-Truism,0,0.918,0.402
21,21,0,5W8YXBz9MTIDyrpYaCg2Ky,Last Resort,0,0.89,0.692
22,22,0,717oSBYrcR8awQgUsmyE32,All I Want,0,0.973,0.565
23,23,0,6GG73Jik4jUlQCkKg9JuGO,The Middle,0,0.849,0.903
24,24,0,0O2UONKvVfdwDyefKh5Yo1,Let The Bad Times Roll,0,0.976,0.603
25,25,0,0UFDKFqW2oGspYeYqo9wjA,Bleed It Out,0,0.967,0.596
26,26,0,0sNKiz82ATCvT3f3XVVUUj,Why Don't You Get A Job,0,0.882,0.544
27,27,0,20I8RduZC2PWMWTDCZuuAN,Take Me Out,0,0.663,0.527
28,28,0,6gfDXAX85YWdVwxpbz0npv,Original Prankster,0,0.877,0.961
29,29,0,3d9DChrdc6BOeFsbrZ3Is0,Under the Bridge,0,0.345,0.458
30,30,0,1feH81BVs89SplmcJzuh1F,Slim Pickens Does The Right Thing And Rides The Bomb To Hell,0,0.983,0.62
31,31,0,6PwjJ58I4t7Mae9xfZ9l9v,Somebody Told Me,0,0.97,0.689
32,32,0,0vQPY1VCcvZa2Mm6QM63Le,Gotta Get Away,0,0.826,0.796
33,33,0,4VqPOruhp5EdPBeR92t6lQ,Uprising,0,0.905,0.411
34,34,0,4K20nocu6gubbWYiuCR23K,Can't Repeat,0,0.863,0.609
35,35,0,48UPSzbZjgc449aqz8bxox,Californication,0,0.767,0.328
36,36,0,6LGeOxAohAJTZ0fxKXMqXa,Hammerhead,0,0.953,0.526
37,37,0,6imjJij6aCM0IbbODUzJQn,Kickstart My Heart,0,0.977,0.233
38,38,0,0D2A4Rid7gnlcwlspLTkx0,Staring At The Sun,0,0.952,0.729
39,39,0,0a7BloCiNzLDD9qSQHh5m7,"Dance, Dance",0,0.961,0.449
40,40,0,6tNeHmedp9qo3BsBp5zOPe,Million Miles Away,0,0.936,0.651
41,41,0,5FZxsHWIvUsmSK1IAvm2pp,Best of You,0,0.94,0.369
42,42,0,0FLmCEO4OccwwiHxveEpt1,Coming For You,0,0.913,0.533
43,43,0,1f2V8U1BiWaC9aJWmpOARe,By the Way,0,0.97,0.198
44,44,0,5tFzUj1jV09bo4wBQWSbDl,Bad Habit,0,0.73,0.383
45,45,0,1Dr1fXbc2IxaK1Mu8P8Khz,When I Come Around,0,0.909,0.814
46,46,0,5VBVIcMh6CWy8szP3U0Ttp,Defy You,0,0.841,0.669
47,47,0,5OQsiBsky2k2kDKy2bX2eT,Learn to Fly,0,0.919,0.537
48,48,0,2BWt8ozzFptUlrnCilgK6l,Dividing By Zero,0,0.937,0.376
49,49,0,60a0Rd6pjrkxjPbaKzXjfq,In the End,0,0.864,0.4
50,50,0,2tPy8C6z3eUWGC1iQr4ysZ,Adhd,0,0.849,0.667
51,51,0,2gTdDMpNxIRFSiu7HutMCg,I Think I'm OKAY (with YUNGBLUD & Travis Barker),0,0.744,0.277
52,52,0,01VbCa15MmvNg3KMOfoHa2,Loser,0,0.894,0.65
53,53,0,7bEDDsy2LFC0KSqhZp5nPE,Sweet Disaster,0,0.821,0.425
54,54,0,0tyR7Bu9P086aWBFZ4QJoo,Monsters (feat. blackbear),0,0.845,0.782
55,55,0,1N7Aep1OewK9diaN9WbuuR,Stupid for You,0,0.922,0.596
56,56,0,2FhzneTjsV0HR4lXNJTTyI,hurt less,0,0.713,0.729
57,57,0,3vlJKLtoumQmNBnj2ZlJe4,Open Arms,0,0.842,0.198
58,58,0,5PNzt1Rvt7PUVaGhbq0OVt,Any Other Way,0,0.924,0.434
59,59,0,5jsDxDkJ1PqyYUWhDMr86B,Song #3,0,0.945,0.427
60,60,0,6wNCdMW82LwJgFrnGqLhpJ,The Ghosts of Beverly Drive,0,0.859,0.748
61,61,0,0HjPEb23QO6cGqYfdQVd3K,La La Lainey,0,0.975,0.777
62,62,0,7uCBGNn991AM68fR4tSDco,Born For This,0,0.675,0.545
63,63,0,0Z1pAncHr1Y9hf3Cu3G0iR,Rockstar,0,0.882,0.663
64,64,0,1GIofMbTz83fXqNrEuf4bA,hot girl bummer,0,0.955,0.391
65,65,0,50oS45iNMFp7pKIQRAWIUP,Kids In The Dark,0,0.981,0.765
66,66,0,0ne8iNLplH15M6EtgzPkf0,Alone Sometimes,0,0.902,0.753
67,67,0,7CkeYEfGBL8SYAq63Z72oh,I Wanna Be Your High,0,0.893,0.737
68,68,0,1WMBlpjhd3AUQiNfJOzfIl,Songs I Can't Listen To,0,0.833,0.705
69,69,0,3CrsuTJomWZmeXIvKhV45l,Stronger,0,0.678,0.134
70,70,0,2Rmw7J0krEU75ffhkaK93D,I Miss Having Sex But At Least I Don't Wanna Die Anymore,0,0.81,0.874
71,71,0,3zjjzKg16tczCMwckGKGuH,Happy Pills,0,0.885,0.344
72,72,0,13b32GfUIo3BV93C8KtEdj,We Don't Have To Dance,0,0.929,0.649
73,73,0,5RmGKBLOYl9hbNE7BuDmur,California,0,0.785,0.665
74,74,0,0x2TYePnFyfZ9ajY2WMkby,Killer In The Mirror,0,0.948,0.693
75,75,0,2tnk7NUXUCcX326HqfokB6,Bipolar Baby!,0,0.827,0.746
76,76,0,4pi7qRGw2DDKAJMGHGcZ2O,"deathwish (feat. nothing,nowhere.)",0,0.779,0.588
77,77,0,75nfWESNoYX9X7c82l9Rtk,Scumbag (feat. blink-182),0,0.591,0.258
78,78,0,6pO9pxKxrIHuTRqK7VLP8B,fake friend,0,0.849,0.31
79,79,0,3WG3wFBe9NgkWB1mNGE6fJ,Untraveled Road,0,0.85,0.467
80,80,0,7qCzenL7S1onPt6QdRsDsd,Into The Dark (feat. Kellin Quinn),0,0.921,0.603
81,81,0,3zRrr0SS4saZOfihrSvlqy,Big Cat Judgement Day,0,0.802,0.735
82,82,0,5Xr1q4GLTnNZu6c4K9rsNh,Candy Coated Lie$,0,0.889,0.539
83,83,0,0UhWFmdlrBSmZ7A6bFD8L9,C'est la vie,0,0.792,0.627
84,84,0,0UD6mo4q4YiH5GnSfvNNP5,Back In School,0,0.926,0.783
85,85,0,0criiQKIY1hyU0lRbVhZ8L,Monster,0,0.86,0.261
86,86,0,7D5STxidHF2Lt5lRL5iCZW,Everyone's a Secret,0,0.53,0.358
87,87,0,0bP8VDZQ3eXgHofaXT88Cr,Moving Boxes,0,0.743,0.751
88,88,0,4ELpTiWFYUgFBzrjqt5Q8e,nightmare,0,0.913,0.434
89,89,0,5v4OkFH0TJ6W1hCFxyn0px,parents,0,0.824,0.586
90,90,0,2DgdHcjWmO3qd50RzuBLgZ,House of Memories,0,0.817,0.506
91,91,0,3SWqGa1J0M7hSBUDM0KePD,Legend,0,0.757,0.462
92,92,0,1VSuFS7PahCN3SWbOcQ98m,forget me too (feat. Halsey),0,0.875,0.522
93,93,0,4nvGIQPgLnWWJUJrnRsIOX,gfy (with Machine Gun Kelly),0,0.732,0.387
94,94,0,1nonPxrZoz42XGsKtLo3mg,1 Last Cigarette,0,0.952,0.686
95,95,0,2Qjkvp4GLlL60lFXtEte0X,Once In A Lifetime,0,0.911,0.429
96,96,0,7vXtuHrqgzQi58ihUO7L2d,Karma,0,0.825,0.412
97,97,0,1IflC51n9KG5JJh5sHVU1D,"Don't Freak Out (feat. iann dior, Tyson Ritter & Travis Barker)",0,0.642,0.37
98,98,0,2fh3bZ8jZhMxOcfESE9nQY,Don't Threaten Me with a Good Time,0,0.895,0.59
99,99,0,2k4X3RZJm1vi2hdGrJ7UXA,Art Hoe,0,0.827,0.966
100,100,0,472mFdP6wkHO6xzKn5F4et,Troublemaker,0,0.819,0.525
101,101,0,3kB1DY1ou9dg5DfPcNuJbT,more than life (feat. glaive),0,0.795,0.414
102,102,0,3znPiywA0q1VK2jgAZFDoI,Irresistible,0,0.938,0.444
103,103,0,1VyiUi0mRnSKgtHa5dBoUd,Spirits,0,0.657,0.79
104,104,0,5bgRVYqK2Bbenrg2gqtGWN,Higher,0,0.926,0.565
105,105,0,6yxywHX0rto296j9LsM3Pt,Jessica,0,0.858,0.31
106,106,0,3XdTm1GS0JrdR3qnf3503e,Bones,0,0.636,0.124
107,107,0,5cRPdqpWkaNmIbPi6wJDg2,Born For Greatness,0,0.85,0.275
108,108,0,64WtHwNC5X0VzGfzA0IES3,Dial Tones,0,0.905,0.606
109,109,0,52cdGN75Ox75dE6CUchFOn,Ribcage,0,0.868,0.482
110,110,0,42MlduweFUi2d3O4EyVdz7,Monsters,0,0.673,0.174
111,111,0,3YQ96qkxiEwTLwgu2Izcmq,Kamikaze,0,0.694,0.442
112,112,0,4wzjNqjKAKDU82e8uMhzmr,Face Down,0,0.932,0.464
113,113,0,3px2rAPu74ltbkf9eZsZ8h,Emperor's New Clothes,0,0.904,0.651
114,114,0,1rm34PzaavebSDelHPDmYy,pity party (feat. Royal & the Serpent),0,0.843,0.732
115,115,0,6z7mOTf4O20AApGsTNn7fC,Flames (feat. Avril Lavigne),0,0.631,0.194
116,116,0,4jXbcY2ulVT7MOPdN8nR50,Lonely,0,0.619,0.483
117,117,0,4GJvolzpuvX8Fp38V1UQCT,Bad Things,0,0.841,0.407
118,118,0,4qRaZYiaOsSvWC7VgcxrI0,HandClap,0,0.836,0.715
119,119,0,2q9og3lbX4cdRaZMKVmlSY,Wake Up,0,0.931,0.588
120,120,0,2E43WFS4rRc09za2r2GmZl,My Songs Know What You Did In The Dark (Light Em Up),0,0.924,0.567
121,121,0,5mkjZ6EciJaZrRXUL5eDfH,Down (feat. Travis Barker),0,0.753,0.478
122,122,0,3IyCL4Em1GOpNGDf451Hg1,Could Have Been Me,0,0.907,0.434
123,123,0,4HqIhZr8FuXcRl9P0wQfge,Main Attraction,0,0.767,0.59
124,124,0,6JBX1drGsMrTE8JrAYYoou,Somebody That I Used To Know,0,0.939,0.467
125,125,0,30h8YS2iYXSTPjqT4txPEh,Dying In A Hot Tub,0,0.786,0.4
126,126,0,5jPWuLGRcVDU50pyTCEjQL,Human (feat. Barns Courtney),0,0.854,0.495
127,127,0,4WtbSC67H1NMEO8DKW5PBv,Running Away from Home,0,0.834,0.363
128,128,0,3QnWrHBfLKYZ2NYQMgmt52,Chillthefuckout.,0,0.753,0.284
129,129,0,0Q9vbV7G2Q6lts13nY9YGP,HOLD ME TIGHT OR DON’T,0,0.925,0.788
130,130,0,0XjNHr2LkubWB9l7URFNB7,Heaven Don't Have a Name,0,0.815,0.549
131,131,0,11RX9JI2RFo70n5XH8U3Mk,Lavender Bones,0,0.936,0.761
132,132,0,058pBOh77XQJNg3YWGr4jN,WANNA BE (feat. Machine Gun Kelly),0,0.937,0.427
133,133,0,5GorCbAP4aL0EJ16frG2hd,Boulevard of Broken Dreams,0,0.682,0.474
134,134,0,0wSOIVHG2N3dOxz7Han7R6,Westwood Road,0,0.93,0.515
135,135,0,0wKCqsj4BtBeCWdghRCXIf,White Wine Red Lies,0,0.83,0.707
136,136,0,3JjmSjijPsu3AWei1adplt,Strange Town,0,0.684,0.506
137,137,0,0FNLnZRNWEIbGsb8jkU2lv,Champion,0,0.739,0.434
138,138,0,3tBZ60j1jQ7NJm8IjelyQe,emo girl (feat. WILLOW),0,0.881,0.359
139,139,0,065bY5WrLvI3NN9VCK0QLe,Jerk,0,0.707,0.298
140,140,0,19YmvsVCetCBeVj6O2mljR,Still Breathing,0,0.902,0.692
141,141,0,3LcMLFApeU9uCT8VCWEVjr,Memories (with WILLOW),0,0.921,0.626
142,142,0,6FT9FZccFD6nE8dMNslz2n,Walk On Water,0,0.787,0.388
143,143,0,0vI2m662QiemSccfCoN9gR,Mr. Doctor Man,0,0.939,0.529
144,144,0,4bPQs0PHn4xbipzdPfn6du,I Write Sins Not Tragedies,0,0.83,0.609
145,145,0,6m0Dk7Cm7rWQLzCjeYIiIt,Love It When You Hate Me (feat. blackbear),0,0.803,0.624
146,146,0,37mfTcSlX60JtAvAETytGs,Choke,0,0.85,0.583
147,147,0,6qXBZGMoNHTVIebQDECoY9,Sticky,0,0.819,0.762
148,148,0,31bJ51bI1rbI9xfhBcoCST,Boys Club,0,0.751,0.472
149,149,0,4AXAS26dUVTnCnubySfkbv,The Kid I Used to Know,0,0.776,0.267
150,150,0,2VzIKcQrGL6O16YHGNDlyR,Misfits T-Shirt,0,0.93,0.482
151,151,0,4QinVyD0wdHBxyszMR9Ryn,Somebody's Idiot,0,0.767,0.595
152,152,0,6mibaVAge7lQvoH731VZJa,Brightside,0,0.833,0.598
153,153,0,0xx5CXMss5CFv2GPkg97aC,Sociopath,0,0.562,0.318
154,154,0,23uaETGG7G7q9PVD0s9PrP,Pins & Needles - KRKS Remix,0,0.674,0.21
155,155,0,5csgjh0c05VwX2cDC8mpkb,Find My Own Way,0,0.687,0.652
156,156,0,6NJ5Q5QujNwwsst5mdSEfF,Die Happy,0,0.873,0.842
157,157,0,5SeQ0LOAs82lEfWO0b71Bs,Dig,0,0.927,0.719
158,158,0,4btPFFVz1aZ7RtrIIwe23t,IDFLU,0,0.767,0.581
159,159,0,0fIWsHOXrKipJKNFfefn19,Nobody Told Me,0,0.801,0.248
160,160,0,2hOI8ROmKpjTIOQk1E4fmr,Vans - King Kavalier Remix,0,0.785,0.386
161,161,0,1DXN9BShkC5oCnliOmdTFb,Horns (StayLoose Remix),0,0.887,0.429
162,162,0,3M0tH6TS6OTbvxtpsDJRRw,98 Degrees,0,0.804,0.64
163,163,0,22jEGuVPtvtMqKPuXdOVCh,SAD (Clap Your Hands),0,0.874,0.747
164,164,0,6suunQjAKAaTPefqO8RSdU,Expectations,0,0.856,0.712
165,165,0,0u0HCSrpWI6vyK3T4WmS4z,Cold War,0,0.483,0.77
166,166,0,5LtrJHnBO57EoVHsLR6xR8,Palm Reader,0,0.774,0.909
167,167,0,6dtEw6NRpYgHJ5PwnU5U1k,Riot!,0,0.76,0.592
168,168,0,3hgESJrxlX103Q78BrEAfr,New Kings,0,0.817,0.429
169,169,0,6Jf79FAWNo3RykbL9oUHcA,Leave My Casket Open...,0,0.652,0.222
170,170,0,4Dhvd4V7PBQYBrIeUuSZQK,Broken Eyes,0,0.787,0.289
171,171,0,4jWkDdPtrZKKelAU49HRwT,Robbery,0,0.908,0.868
172,172,0,1fPNeVWqIvY9HxDhYiurzN,Sob Story,0,0.643,0.491
173,173,0,4iwjEJYExvmBM5w75RTuLv,Dangerous State of Mind,0,0.874,0.712
174,174,0,56eH7o7fPkUupPLjo4tgs9,My Friends Are Robots - Good Bear Remix,0,0.814,0.309
175,175,0,0t7mQWJT3f9wSd6q0wqocE,Freaks Like Us,0,0.718,0.298
176,176,0,2qBGkpznaZUW6BMcRaJ7o4,A Message from My Heart to My Head,0,0.577,0.501
177,177,0,15BsrefgYpMgu1ZCIr8EJw,Painkiller,0,0.92,0.226
178,178,0,3I2BllyqPDHd5prcFIQwZU,gxxgle maps,0,0.862,0.64
179,179,0,0P5FzJPQcMi6Fx7pY31hlP,What You're Made Of,0,0.683,0.775
180,180,0,0sQnRQ6bFtmQf3eeIjdiRg,Fly,0,0.896,0.338
181,181,0,4ytlkHbkpwhUCnSQnUrGmf,A Painting in Paris,0,0.702,0.608
182,182,0,23SJdG0g0qOBHgxaa9PbMw,Parallel Lines,0,0.706,0.422
183,183,0,0cOwPdK6FsqXz967daLc4k,Wish You the Worst,0,0.577,0.589
184,184,0,4aq1DwCnOm8r6biTaxdraV,Hanging Posters,0,0.889,0.616
185,185,0,7clyJIrLkEbXUDwj1tC9zz,Blood // Water,0,0.891,0.628
186,186,0,0fgtqm5zqLoIaE83j6pqnx,Pigs In The Sky VIP (feat. Arrested Youth),0,0.924,0.46
187,187,0,2bFGGsScXp2Tu10jKMCKO6,Figure You Out,0,0.491,0.537
188,188,0,3MIDI56fBQenFrMMz2cO7i,Anxiety,0,0.678,0.192
189,189,0,4FYDwIa2bMb3laCe1r23Sy,Ryan,0,0.534,0.34
190,190,0,0H5g2iaL1PZTxfK3vXWcu6,What Are We Fighting For,0,0.677,0.594
191,191,0,5yvG6V9WZDQDmne0eeWJAq,Black X White,0,0.598,0.493
192,192,0,16Azhyv8164hYxI8Ax3F5k,Blur,0,0.6,0.694
193,193,0,1iOUOg8NiMGZN8TFLVe8Nl,Mirrors - Juelz Remix,0,0.972,0.638
194,194,0,5DmuMQwXCveRH8AEE0wue5,Corone,0,0.928,0.415
195,195,0,0Q3SC6kEhxYagDP3bFe5K9,Keep It Mello (feat. Omar LinX),0,0.888,0.108
196,196,0,2RJAKIw6nIkgZVsAIKhmqz,In My Head,0,0.548,0.35
197,197,0,0ada5XsQGLPUVbmTCkAP49,Hate The Other Side (with Marshmello & The Kid Laroi),0,0.65,0.647
198,198,0,3xBHLZwRfi0fjO9euaj5zf,WRLD On Drugs,0,0.719,0.575
199,199,0,1axYKkAUrZbB1axBahVM2J,Supernatural (feat. Anjulie),0,0.951,0.214
200,200,0,0gb1J5UrTpzaU1s3nupgCd,No Money,0,0.916,0.803
201,201,0,2DwN99S3TxwTm8MVhajiR2,TKO (feat. Rye Rye & Zion I),0,0.995,0.448
202,202,0,0lks2Kt9veMOFEAPN0fsqN,Lily,0,0.634,0.467
203,203,0,6hcaJ2WbQoHmGZ3HSFrSt4,Lovers - AIRWAV Remix,0,0.5,0.467
204,204,0,7LpIouxOxJzia26GZvmgkC,Astara,0,0.803,0.435
205,205,0,3u1fMBtP6BzTRDFIqpDz6V,Radio Killer,0,0.68,0.415
206,206,0,00FVbuhOyp0ujLVvkkXQ8w,Wanderer,0,0.846,0.236
207,207,0,7ogKLtV6jod8ujXup6HBku,Back To You,0,0.848,0.476
208,208,0,1rYKfbnprpF7di6yoavM72,Paradise,0,0.564,0.219
209,209,0,5ekmsmgAjZvx2V3OpaNEci,Blink 182,0,0.469,0.37
210,210,0,557lh76vcLy4EQWvZluA32,They're Just Ghosts,0,0.84,0.133
211,211,0,7hXFx8ue6LnP6sB8Zf7ik9,Sleep Forever,0,0.839,0.118
212,212,0,79ThzrC7DOBzWuxV1MwSUV,Mad Hatter,0,0.832,0.638
213,213,0,731SSWCEANBXRq1KqDuQGE,So Poetic,0,0.845,0.783
214,214,0,4TMzSXEMtNYOPh21itBKsp,Pilgrims,0,0.75,0.331
215,215,0,3eyuK0e2GLBGftcemq3bsx,Glow,0,0.652,0.412
216,216,0,4rvfuttxt34i3rPbHYkSw1,Voices,0,0.902,0.543
217,217,0,5FOnJCnZO66d2pVxfXxBTd,Ride with U,0,0.76,0.786
218,218,0,3GiBAfxZtmbT2DDRRdMQ6T,Heart In The Headlights,0,0.717,0.176
219,219,0,5QlOIcPMMw5Mlj8BqAvlzG,Legacy,0,0.649,0.742
220,220,0,0EBas1pxvOumkAlSy09QFU,Older,0,0.886,0.523
221,221,0,2exjecLdCcslCFWFjM4EUg,Better Off Dead,0,0.776,0.559
222,222,0,4LnMxUD2RsEOZ0ZOsnty0o,Not Alone,0,0.572,0.484
223,223,0,4yLoZbvsw3UXMgOgylYgQn,Sinner,0,0.787,0.351
224,224,0,6mnFjXQqRk1pNFwVoczY1v,Monsters - Prblm Chld Remix,0,0.887,0.753
225,225,0,2rUtVGUJiyJ94uF4GkWz2Q,Boy Like Me,0,0.848,0.588
226,226,0,4jNVoCNA8ILbmKR9e1OAEY,Fight It,0,0.712,0.437
227,227,0,6x0ePXLcrHtI5p7f6yJPBd,Call You Mine,0,0.654,0.237
228,228,0,7zweZVDWIMvQIC6bDsEtcL,'99 Benz,0,0.921,0.663
229,229,0,0PC0SLBklzJagmMTcNQHZu,Oh Listener Mine,0,0.825,0.656
230,230,0,6MZKIg2WfR1qnuAqKBVeqo,Wolverine,0,0.483,0.448
231,231,0,0gftGPkqMFcndkmULocY35,'90s Kids,0,0.874,0.482
232,232,0,18czZN7uruOjftj71Kt8oj,PAID MY DUES,0,0.784,0.38
233,233,0,0OyQns5ayNK2OVaES0Vb8t,Righteous,0,0.622,0.223
234,234,0,285pBltuF7vW8TeWk8hdRR,Lucid Dreams,0,0.566,0.218
235,235,0,6Gg1gjgKi2AK4e0qzsR7sd,Bandit (with YoungBoy Never Broke Again),0,0.631,0.425
236,236,0,6cjSh516BbrNUs213jDAGm,Graduation (with Juice WRLD),0,0.65,0.605
237,237,0,0nbXyq5TXYPCO7pr3N8S4I,The Box,0,0.586,0.642
238,238,0,7FIWs0pqAYbP91WWM0vlTQ,Godzilla (feat. Juice WRLD),0,0.745,0.829
239,239,0,7ytR5pFWmSjzHJIeQkgog4,ROCKSTAR (feat. Roddy Ricch),0,0.69,0.497
240,240,0,6Hj9jySrnFppAI0sEMCZpJ,Robbery,0,0.692,0.578
241,241,0,1lOe9qE0vR9zwWQAOk6CoO,Ransom,0,0.642,0.226
242,242,0,4lBEQzrXXEBugkN8bfmPPJ,Seven Deadly Sins,0,0.968,0.306
243,243,0,6wJYhPfqk3KGhHRG76WzOh,Blueberry Faygo,0,0.554,0.349
244,244,0,6o3QUC5oAE4g6WxRIFcZtb,Wishing Well,0,0.613,0.0804
245,245,0,3KkXRkHbMCARz0aVfEt68P,Sunflower - Spider-Man: Into the Spider-Verse,0,0.479,0.913
246,246,0,3ntcm3V9ByPKN6cstxXh80,No I in Team,0,0.592,0.379
247,247,0,3gYK7eEFbp6KzmqYRMyQRm,Death Of A Hero,0,0.62,0.584
248,248,0,7y7w4tl4MaRC2UMEj1mPtr,Come & Go (with Marshmello),0,0.814,0.535
249,249,0,4TnjEaWOeW0eKTKIEvJyCa,Falling,0,0.431,0.236
250,250,0,696DnlkuDOXcMAnKlTgXXK,ROXANNE,0,0.601,0.457
251,251,0,2W0AJEbIC2vdZTV2nVSAsg,Outrunning Karma,0,0.649,0.474
252,252,0,4VXIryQMWpIdGgYR4TrjT1,All Girls Are The Same,0,0.529,0.203
253,253,0,21jGcNKet2qwijlDFuPiPb,Circles,0,0.762,0.553
254,254,0,7eJMfftS33KTjuF7lTsMCx,death bed (coffee for your head),0,0.431,0.348
255,255,0,2qxmye6gAegTMjLKEBoR3d,Let Me Down Slowly,0,0.557,0.483
256,256,0,2XSO13Gyndo7MDdtYibIxO,Screw Juice,0,0.528,0.515
257,257,0,0t3ZvGKlmYmVsDzBJAXK8C,Goodbyes (feat. Young Thug),0,0.653,0.163
258,258,0,7aiClxsDWFRQ0Kzk5KI5ku,hot girl bummer,0,0.559,0.678
259,259,0,5Ys68FZdQFcFw7IgkANVoM,1994,0,0.613,0.862
260,260,0,4h5N4KyWZMtpeH9vhXSXjd,Life's A Mess (feat. Halsey),0,0.446,0.177
261,261,0,3fE8njy5zdZZCucQbDkxkW,Oxygin,0,0.719,0.648
262,262,0,1luvouZc22VOabaHQNMipg,Howling,0,0.986,0.532
263,263,0,42MwPTHQWWe4WUNwvdUh6Q,Demons,0,0.495,0.761
264,264,0,2fZTS0VboxRpF0FdfY7E5P,Conversations,0,0.622,0.57
265,265,0,0VjIjW4GlUZAMYd2vXMi3b,Blinding Lights,0,0.73,0.334
266,266,0,4yzAMkr9tEu2Nal17PL5rV,ROB THE FRONTIER,0,0.972,0.565
267,267,0,4IhKLu7Vk3j2TLmnFPl6To,Water Fountain,0,0.504,0.551
268,268,0,3oDkdAySo1VQQG0ptV7uwa,Lean Wit Me,0,0.651,0.237
269,269,0,3eekarcy7kvN4yt5ZFzltW,HIGHEST IN THE ROOM,0,0.427,0.0605
270,270,0,6uFn47ACjqYkc0jADwEdj1,Pop Out (feat. Lil Tjay),0,0.639,0.261
271,271,0,7pT6WSg4PCt4mr5ZFyUfsF,If We Have Each Other,0,0.577,0.861
272,272,0,6rz0dTA0PdhXImFV5EjM0w,Hide (feat. Seezyn),0,0.639,0.151
273,273,0,1wJRveJZLSb1rjhnUHQiv6,Swervin (feat. 6ix9ine),0,0.662,0.434
274,274,0,1Cv1YLb4q0RzL6pybtaMLo,Sunday Best,0,0.525,0.694
275,275,0,0DYRjWiFJHvLjxRrywtltC,Annabelle's Homework,0,0.634,0.33
276,276,0,2WsuSYJNXGKXVYkHPnq2yp,Ransom (with Juice WRLD) - Remix,0,0.671,0.45
277,277,0,3kW4z2pIj5VY5fLjBrMRL5,P2,0,0.72,0.49
278,278,0,3L19besdNQzd342qL78xqm,Demons and Angels (feat. Juice WRLD),0,0.55,0.183
279,279,0,211LaT5hzPOKolVtgzwWnq,Steve,0,0.353,0.866
280,280,0,4SDgTLDYrJ2UrHbkRkg7MD,Panini - DaBaby Remix,0,0.598,0.496
281,281,0,1jaTQ3nqY3oAAYyCTbIvnM,WHATS POPPIN,0,0.604,0.826
282,282,0,6H98N10OCmld8m5XyyulO3,Stan - Recorded at Spotify Studios NYC,0,0.549,0.645
283,283,0,13ZyrkCDmRz5xY3seuAWYk,Hear Me Calling,0,0.687,0.499
284,284,0,37AGgp9VP8TVJBfEat74Bj,Candy (feat. Trippie Redd),0,0.638,0.48
285,285,0,5DHQKZCOZhGNTbYBCekWx0,Paralyzed,0,0.643,0.0397
286,286,0,0WHi11uzahqpEtPGYCW6oQ,If I Killed Someone For You,0,0.605,0.409
287,287,0,6RsRMf9e4KUyo3MecGffNL,I Want It,0,0.638,0.147
288,288,0,3PYx9Wte3jwb48V0wArMOy,Keanu Reeves,0,0.891,0.799
289,289,0,5i2JGF65pHKSfMEjSMrBC3,Jesus In LA,0,0.627,0.689
290,290,0,5lcIegmdblnWqT9nS9EhZj,Up Up And Away,0,0.665,0.486
291,291,0,2ajzBr7vwHTEBeqDzcsNRC,That Way - Bonus Track,0,0.598,0.504
292,292,0,0YP8kt3sAYTj6eEyesreQH,Glass House (feat. Naomi Wild),0,0.586,0.196
293,293,0,60cYr5uuMoxvyuIx45rGEW,Boy In The Bubble,0,0.578,0.851
294,294,0,6MjNilJCVKJq0LfFvo5jWJ,Fast,0,0.608,0.263
295,295,0,7yNgSAuwbDJcdRNrBDtKPq,WHY,0,0.827,0.418
296,296,0,5R2rsbwCDXORX2tLfprRmM,Yacht Club (feat. Juice WRLD),0,0.508,0.457
297,297,0,4GGSmoTmc5LClrowB4SmEw,Mind Is A Prison,0,0.661,0.694
298,298,0,41MCdlvXOl62B7Kv86Bb1v,Empty,0,0.561,0.449
299,299,0,1jJci4qxiYcOHhQR247rEU,Kids,0,0.931,0.172
300,300,0,70YPzqSEwJvAIQ6nMs1cjY,In Your Arms (with X Ambassadors),0,0.806,0.112
301,301,0,1roCmBlcpV7LzsmB7pmCyt,Let Me Down Slowly (feat. Alessia Cara),0,0.569,0.44
302,302,0,5wujBwqG7INdStqGd4tRMX,Armed And Dangerous,0,0.67,0.845
303,303,0,07KXEDMj78x68D884wgVEm,High Fashion (feat. Mustard),0,0.499,0.511
304,304,0,0Xek5rqai2jcOWCYWJfVCF,Enemies (feat. DaBaby),0,0.674,0.667
305,305,0,1rMSja8j1k8VRXXztemdLb,Swim,0,0.562,0.532
306,306,0,09NtNfFG4vpHsAUbdUug0M,Smile (with The Weeknd),0,0.671,0.27
307,307,0,6S1IgeHxxOT9qVWnmsdGxe,Treehouse (feat. Shotty Horroh),0,0.733,0.797
308,308,0,2XU0oxnq2qxCpomAAuJY8K,Dance Monkey,0,0.588,0.513
309,309,0,22AJMMJMaQ3qtTwlegrKcm,Six Feet Apart,0,0.378,0.497
310,310,0,7d94IqWX2UmSKMGUYSGFJG,Bad Energy,0,0.452,0.532
311,311,0,733c1CWmIGymoQXdp7Us88,"Numbers (feat. Roddy Ricch, Gunna and London On Da Track)",0,0.654,0.455
312,312,0,4sjiIpEv617LDXaidKioOI,223's (feat. 9lokknine),0,0.547,0.695
313,313,0,0IrtQ83z9jylZaLEJK2eoy,Gotta Be A Reason,0,0.518,0.277
314,314,0,1YM6c2sxbf2Jacl9IFgn4I,Titanic,0,0.545,0.234
315,315,0,3g0mEQx3NTanacLseoP0Gw,Takeaway,0,0.511,0.351
316,316,0,6GSkLS2y4ZnnZsuRAj975K,Project Dreams,0,0.828,0.786
317,317,0,2U12JbtnFSYa5Av5wEcEDX,Oh My God,0,0.565,0.599
318,318,0,21CkzgKCBCq5V4XKjiGSIj,Stay High,0,0.5,0.433
319,319,0,2QcnqlK5qj6ZXArpSHqHQp,Seven Deadly Sins,0,0.907,0.561
320,320,0,3Z8FwOEN59mRMxDCtb8N0A,Be Kind (with Halsey),0,0.633,0.452
321,321,0,1PsMieVYFXrSeXMxuE2SbG,Must Have Been The Wind,0,0.644,0.363
322,322,0,0fCwrjKfWxF3xQhZrYUw4T,Blood On My Jeans,0,0.55,0.464
323,323,0,2oejEp50ZzPuQTQ6v54Evp,Call You Mine,0,0.696,0.522
324,324,0,7fPuWrlpwDcHm5aHCH5D9t,Roses - Imanbek Remix,0,0.721,0.894
325,325,0,40KuvsFD0zpUFuCcmt5Xm0,Ex Bitch,0,0.462,0.702
326,326,0,1KVczjazCcCCgM3gXXUl47,Roses (with Juice WRLD feat. Brendon Urie),0,0.601,0.525
327,327,0,15277wUzsEKo3bxCIxFLgk,Hero of Our Time,0,0.903,0.564
328,328,0,5lehoWkVPujeOAwb8BO0uK,Only,0,0.654,0.299
329,329,0,0b11D9D0hMOYCIMN3OKreM,Into Your Arms (feat. Ava Max),0,0.788,0.228
330,330,0,0q21FNwES2bbtcduB6kjEU,Dancing in the Moonlight,0,0.435,0.771
331,331,0,6ztstiyZL6FXzh4aG46ZPD,Boogie Wonderland,0,0.756,0.963
332,332,0,7qK3JFriCqLorQivsJYG2X,Stayin Alive,0,0.831,0.949
333,333,0,4o6BgsqLIBViaGVbx5rbRk,You Make My Dreams (Come True),0,0.501,0.902
334,334,0,5iFwAOB2TFkPJk8sMlxP8g,Make You Mine,0,0.799,0.638
335,335,0,2rXVtoLBHuXcNB5DVfIc9p,Happiness,0,0.235,0.197
336,336,0,46A71ZDLPRIFCppAdV2W6j,His Theme,0,0.633,0.301
337,337,0,2o1K1hHiYDC2jVQRyDxMJa,"Thanks, Eliza",0,0.522,0.243
338,338,0,1XT95SWe6U0nZmchAfZh2T,Pay No Mind (feat. Passion Pit),0,0.852,0.558
339,339,0,5fxrnG0VTla4dlTmjLkoPN,I'm Perfect,0,0.914,0.963
340,340,0,2lwwrWVKdf3LR9lbbhnr6R,Float On,0,0.888,0.553
341,341,0,18unwp2OCuZ65sKWd73PDy,Man on the Moon,0,0.894,0.696
342,342,0,4poqovyJtmlKMDnSz6QwsE,The Kid I Used to Know,0,0.776,0.267
343,343,0,3760Ge809Qt37dtRMHsG1f,Expectations,0,0.856,0.707
344,344,0,6lvaLDCPjbxhC8EmNVHfIO,Dig,0,0.927,0.719
345,345,0,4AtMk3bpZNUtipRNy50MBO,Brightside,0,0.833,0.598
346,346,0,7Ee4NvfKVO1nol38l1lLBm,Killing Giants,0,0.941,0.405
347,347,0,780G2Qb1CEMtFR605KU6Gh,Framtiden är vår (feat. NORSJÖ),0,0.866,0.38
348,348,0,7uNu0IWPFHHmi8KI3akdEg,Departure,0,0.191,0.0684
349,349,0,0gyAtsUMGDlf4FGKLSXnCW,Find My Own Way,0,0.687,0.652
350,350,0,6nnacTL5on2aVsRhVDNUSo,Through the Fire and Flames,0,0.951,0.139
351,351,0,06Zz2l7cVTCTgCNDe1bnEF,Have A Nice Day,0,0.899,0.566
352,352,0,1uPqnaQ4r1Fwe4KijfYGKD,It's My Life - Old Classic Version,0,0.806,0.561
353,353,0,6TGapnqEUkkSBanKyn5qYy,OutRight,0,0.823,0.569
354,354,0,5Y1JDF28qQDml25pVadnzb,Frame of Mind,0,0.725,0.397
355,355,0,3WjsaQylfVq87F6hLfayiQ,Let You Down,0,0.766,0.473
356,356,0,41Zl6ylPqRfIMTrvPAMa76,LSD,0,0.945,0.14
357,357,0,1VYHeY9ulPnsMHKvXPyG5H,Sweet Mistake,0,0.709,0.559
358,358,0,75ZvA4QfFiZvzhj2xkaWAh,I Fall Apart,0,0.538,0.291
359,359,0,54yT3t8hSaJUvdHer3ZaB1,Alexis,0,0.539,0.645
360,360,0,7iHHxY2NLlJRAmlAmC4ahQ,Stuck In A Dream (feat. Gunna),0,0.648,0.726
361,361,0,6QNFQJKlZUKr0xlGZ74CZJ,Rich And Blind,0,0.624,0.445
362,362,0,18T1Jfi5fnlPZCGkyK8VVq,Hugo,0,0.68,0.338
363,363,0,5HoiZ12WqCuXCFYYKldR0B,What It Do,0,0.906,0.846
364,364,0,6yGjat0n8NitWLgvVXpJ8U,Sunrise,0,0.728,0.533
365,365,0,63psBh1jACfpWZtpZQZbVM,Castaway,0,0.655,0.641
366,366,0,54fiTamOOfnsB9wmxhaENl,Feels Right - Radio Edit,0,0.948,0.674
367,367,0,2ZLL9Blx7Tq4tBrhE9YvXE,The Underdog,0,0.528,0.91
368,368,0,57i3M29DWoo7RDk0Tf0LZG,Daylight,0,0.798,0.671
369,369,0,4Sfa7hdVkqlM8UW5LsSY3F,Take a Walk,0,0.755,0.445
370,370,0,3VT8hOC5vuDXBsHrR53WFh,Astronaut In The Ocean,0,0.695,0.472
371,371,0,3feJr3NFjEi5l6FeQz2iC7,Pistol,0,0.499,0.748
372,372,0,1hPHr3Qc4AMBow09aw12AM,Look How Far We've Come,0,0.512,0.388
373,373,0,7HFGvz6pWt8RW3sA6Orl3k,Bandaids,0,0.727,0.406
374,374,0,3bynunZFKWiCJwNNasgBzl,Rockstar,0,0.473,0.0692
375,375,0,6QnrGUeY5UKNo1daLSfSKB,High on You,0,0.672,0.558
376,376,0,3zRgdfwiFzHeDq4VYOpYpk,I'm Something Else,0,0.557,0.331
377,377,0,2dpaYNEQHiRxtZbfNsse99,Happier,0,0.792,0.671
378,378,0,2nLLW8W2NhB89fzywmtomb,Promised Land (Stripped Acoustic),0,0.192,0.193
379,379,0,3EPXxR3ImUwfayaurPi3cm,Be Alright,0,0.586,0.443
380,380,0,4PANCoXZX3RaT2D6mqSdEU,changes,0,0.319,0.493
381,381,0,6v1sy4kEyzRkrE9KLiD9Dz,Im Good (feat. Roze & Drumma Battalion),0,0.538,0.296
382,382,0,53fMilutqxWd5QOhHweInL,Disappointed,0,0.224,0.0562
383,383,0,4kad7RSRCt8ttCkIjEmErs,Royalty,0,0.634,0.619
384,384,0,6ae29ZzSPYq61ARnOn3CGh,California,0,0.493,0.364
385,385,0,11DpzO37X3lrvDLS5dYta1,Best Friend - Acoustic,0,0.168,0.3
386,386,0,4tTzdneIuunKksESB71cws,Play Me Like a Violin,0,0.683,0.608
387,387,0,1KCAEG6JcsTzi8ddZzs0nk,You Want a Battle? (Here's a War),0,0.98,0.283
388,388,0,1KtU0WCq472KzqCXgMOxkS,That's What I Like - Alan Walker Remix,0,0.896,0.798
389,389,0,5PB7yyYeLYkfPqmC0hwlXl,The Loudest Silence,0,0.314,0.417
390,390,0,0SuLAslEMFZAXf0SwY7syi,All Time Low,0,0.567,0.505
391,391,0,6WnPykFrvCdf0tEhzrkOHJ,Hasselhoff 2017,0,0.864,0.384
392,392,0,2gQPRX0oxuuth1W6J3VAM5,Personal,0,0.692,0.519
393,393,0,7ewraUQ1M5KwLZoFnPyXZG,Gas Gas Gas (Initial D),0,0.856,0.803
394,394,0,2DGa7iaidT5s0qnINlwMjJ,The Spectre,0,0.711,0.198
395,395,0,0Zbbxnx4SGGHoIow4PpISP,Stargazing,0,0.497,0.419
396,396,0,3WtCu35qpzGCLIGa8pczdu,Colors - Audien Remix,0,0.885,0.719
397,397,0,1TnUURhehaoMWKAqQtirm6,Colors,0,0.812,0.521
398,398,0,4iZPNYqzI2L0uwuUKun7Aa,Stole the Show,0,0.662,0.438
399,399,0,05KizhJc5qATFI2D7SauJ5,Bounce,0,0.979,0.0992
400,400,0,1KDX8TC34n6CNryBEEMclR,Show You,0,0.969,0.242
401,401,0,1V3BpCUSyBt9PDZ309652A,Want U 2,0,0.936,0.73
402,402,0,1aS1uzcAC14lduwuNJZjqE,Know Me,0,0.844,0.557
403,403,0,2D6VbgcGFSBhhZJHbVAN1Q,Take It Back,0,0.909,0.192
404,404,0,4wXum3jZgEGLxScTygQ5US,Blocks,0,0.844,0.563
405,405,0,68pL3hokJXKJ1vJSaEhKr7,Home,0,0.885,0.692
406,406,0,6aWiGv6hPG0o3ri7QHNs8t,Find Me,0,0.889,0.173
407,407,0,3t3oNm7M0HXf7ILqA7vCTP,Sound of Walking Away,0,0.79,0.208
408,408,0,1OmcAT5Y8eg5bUPv9qJT4R,rockstar,0,0.531,0.141
409,409,0,4ZkVOb0mNnm3MFY2LeyqHY,Poison,0,0.756,0.062
410,410,0,6QJnaTEqZYHoA1RWv9NHKS,Xenogenesis,0,0.608,0.0876
411,411,0,0aersVHlGGXcHeRvHtuaSt,Dancing On Glass,0,0.945,0.399
412,412,0,5ZrMsYKEvnbHtJMgHF1AVA,start//end,0,0.402,0.0718
413,413,0,6d8MHAb3LSuAz42yyDM4q1,1 Thot 2 Thot Red Thot Blue Thot,0,0.737,0.704
414,414,0,7mLyWGOqr7OHxg17Zkg5rc,Reforget (Milk N Cooks Remix),0,0.739,0.159
415,415,0,1JY6B9ILvmRla2IKKRZvnH,Sad Machine,0,0.706,0.327
416,416,0,2bKhIGdMdcqCqQ2ZhSv5nE,Middle,0,0.737,0.211
417,417,0,6Ehy8wRUYjAZcMMRCxMZVM,Moving On,0,0.799,0.67
418,418,0,2mTvrbkjut8EeWhC9oru6d,Leaving,0,0.639,0.186
419,419,0,104buTcnP2AsxqB7U1FIZ4,Heavy (feat. Kiiara),0,0.671,0.438
420,420,0,5ss3IdcaUnOqAzSU1JYoTy,Wallpaper,0,0.76,0.308
421,421,0,7BFewkXBkGzPJ05yl8CSci,Hurricane (feat. Lily Elise),0,0.755,0.333
422,422,0,2Kl1E3NdbzT7vVi93TffoX,Pompeii - Audien Remix,0,0.792,0.235
423,423,0,1Hk0QRlUFCHYG6zIvUh0Xd,Summer,0,0.748,0.254
424,424,0,7zsXy7vlHdItvUSH8EwQss,Cold Water,0,0.798,0.501
425,425,0,74Ru27B7Jx8mBt5MGvGLLv,Light,0,0.754,0.423
426,426,0,7uSZPbd8DxdkmSauCKnITY,We Rise,0,0.491,0.827
427,427,0,6NV8SeJUDh1oO6l4WWsb99,Wallflowers,0,0.833,0.303
428,428,0,7vGuf3Y35N4wmASOKLUVVU,Silence,0,0.761,0.286
429,429,0,0lYBSQXN6rCTvUZvg9S0lU,Let Me Love You,0,0.716,0.163
430,430,0,1uC8D2peyTZAL8NjfnBj1D,With Or Without You,0,0.184,0.296
431,431,0,3vqyauyYbp9MqUwrCEmWJ0,Despacito,0,0.491,0.517
432,432,0,1taz71WL8grTxW6JLiL1i8,Thunderstruck,0,0.857,0.38
433,433,0,0XejjAXX6NAy6tcAyxyDpY,Schindler's List Main Theme,0,0.235,0.0607
434,434,0,1y2VTYeE7Glc4UQF9kvuzj,Moon River,0,0.248,0.0778
435,435,0,3AZ69M4QXCgM6sq6B8nLzK,Cinema Paradiso,0,0.255,0.0689
436,436,0,3DtXg352jYP9fUhIqrnFDP,"For the Love of a Princess (From ""Braveheart"")",0,0.293,0.0672
437,437,0,3es5hmocvsBrFk3HhhqUKH,Love Theme from The Godfather,0,0.223,0.0413
438,438,0,3sx0cmtWY1KceThLKchIyU,Love Story,0,0.168,0.0444
439,439,0,4iFjfJGjqh6ixgy6vFCjAk,Malena,0,0.249,0.0346
440,440,0,4jeh9ZloYVCqvQw17Dg1Mh,Game of Thrones Medley,0,0.594,0.147
441,441,0,5lnzLJt883Pz3cqJvt4NC6,Titles from Chariots of Fire,0,0.412,0.0369
442,442,0,6AwixzgVSnozHGnaDXfT22,"My Heart Will Go On (from ""Titanic"")",0,0.27,0.0368
443,443,0,6KOBMsYaTl9ehUTF3NcX3c,May it Be,0,0.274,0.0394
444,444,0,6OLgebma3uuh5KDG5ZXjF5,Now We are Free,0,0.258,0.0529
445,445,0,6Qf5K6OEDjXNty8p91yxvQ,Cavatina,0,0.195,0.0899
446,446,0,7FTnomIqJmXIbYeyddk52o,Rain Man Theme,0,0.497,0.148
447,447,0,57wyLm1TrXFisZAtzRzalS,Fumes,0,0.719,0.4
448,448,0,6NiXAdF2005XfIrbJ2JCN9,XO,0,0.306,0.603
449,449,0,4z1OTvKWtgxqNxzAzFda79,Running in the 90s,0,0.948,0.237
450,450,0,2mCF8L0brIs88eH6Kf2h9p,Fast Car,0,0.57,0.527
451,451,0,1IUaBG4g969TxLbdEdLHaE,All We Do,0,0.265,0.392
452,452,0,7og4nJ1NCle7JUsT1FfsTt,tell me it's okay,0,0.548,0.234
453,453,0,1Dhn8urPQTReGSmpRCXASj,One Last Time,0,0.35,0.163
454,454,0,4dDZyGxClFiOBUjcpxhXWg,Hurt,0,0.378,0.149
455,455,0,0n3lXKNCF3Wvvcs7UY66Ae,Nocturne (Pierce Fulton Remix),0,0.915,0.354
456,456,0,2zbq8QdgWACnYdKTu2xIE4,Billie Jean,0,0.61,0.455
457,457,0,0GxCUPDU0ePWJOeAQzNqao,Gravity,0,0.437,0.247
458,458,0,1bMsdNU9Lt1yvYBSIpnNDm,Catch Me If You Can (Bonus Track),0,0.118,0.396
459,459,0,3JHiZ7POAgfmobe7ar1SUm,Nocturne,0,0.589,0.381
460,460,0,0Mf6WhWLfOpzOxacvbcboj,rock + roll,0,0.517,0.425
461,461,0,5cIZoKmBiFgjabaBG0D9fO,and,0,0.266,0.08
462,462,0,6REPF37KwcWMqyk6XCuB7p,Circles,0,0.524,0.119
463,463,0,7fJALFBexDXzu0QdatF5O4,Fumes,0,0.836,0.353
464,464,0,01t8SVEV5Ti2aYBWdSA2tz,A Love Ballad (live),0,0.653,0.659
465,465,0,067moDu6srdfuU8K4ZEF9G,Rehab Center For Fictional Characters,0,0.259,0.525
466,466,0,0sStetLUGQhX72vFRVFqti,I'm Bo Yo (live),0,0.922,0.637
467,467,0,1ZCdXHCFhvHOXagAOUtQE8,Klan Kookout (live),0,0.926,0.668
468,468,0,1cpgAlpCsoJpRgeqb5SYCE,Love Is... (live),0,0.815,0.642
469,469,0,228aVnOcZfLlW1RqWKoLH1,High School Party (live),0,0.824,0.63
470,470,0,4hP4z3L25Yw5IfByWxuAh8,New Math (live),0,0.883,0.877
471,471,0,5KrqDGB56mNCJc7hmxRyTz,The Perfect Woman (live),0,0.839,0.734
472,472,0,5jyrvaNgMdejnBjrXiWo35,Welcome To YouTube,0,0.455,0.561
473,473,0,5qVNshoO7VpXkMsw2hgZvU,Bo Fo Sho (live),0,0.903,0.497
474,474,0,62KNuENCGEhgf520I0Tjl6,Bonus Track,0,0.332,0.778
475,475,0,0bkOJcmZ3dO4gDJ5D8cwvv,My Whole Family... (live),0,0.829,0.747
476,476,0,54zS39oDi8p9adV0gyIzdD,OH BO (studio),0,0.713,0.741
477,477,0,4sG3QE7shDNk1DKJwEAiz5,I'm Bo Yo,0,0.799,0.627
478,478,0,0QMiI7yf8rHfwdfvJIgvrE,Nerds - Studio,0,0.722,0.369
479,479,0,07xM26pWCDsUWV2ialwgNf,Sad,0,0.639,0.356
480,480,0,6ghnKwHcGX1RLPWjJYKbGd,From God's Perspective,0,0.478,0.357
481,481,0,3b5Li4QKDVBx1x7fQuu54a,Tired,0,0.876,0.493
482,482,0,26ZX2JrAb8AFbr8FFfAsO7,sex,0,0.521,0.532
483,483,0,0ZAiqymvbQUZAh9y6ZT3Rm,XO,0,0.39,0.617
484,484,0,7j5DNclXXrNL4LPw59qcUK,End Credits,0,0.505,0.314
485,485,0,3OXpdrHLT4IqM76RajgM6Q,drugs,0,0.444,0.226
486,486,0,3gcT0qbO6Lha9cLpJlZELy,Wake Up,0,0.376,0.395
487,487,0,1brwdYwjltrJo7WHpIvbYt,Faded,0,0.651,0.166
488,488,0,0RuUeO4zOHzrywgjmXfy5N,Grenade (feat. Lindsey Stirling),0,0.716,0.536
489,489,0,4I0vks4HhXQiD2d9lLll8x,Peponi (feat. the Piano Guys),0,0.65,0.307
490,490,0,7gDKfEMIhyyO4asgEXwcrs,Fire Burning,0,0.805,0.891
491,491,0,2DPYlWl50ydYsnnuryL5aX,Cooler Than Me (feat. Big Sean),0,0.515,0.769
492,492,0,12mGwph2YzDIlChtq3EdXP,Alone,0,0.953,0.397
493,493,0,0WjYgf4qH3B0v0HmW61doL,iSpy,0,0.653,0.672
494,494,0,11PrqP7puJCBjvMdcVwQPR,My House,0,0.702,0.74
495,495,0,11Ojp7JniVvwd0gmgvyKkd,Wrong Side of Heaven,0,0.932,0.543
496,496,0,3FS2e59gXFXrcg7sN2mL5z,Shots & Squats,0,0.819,0.279
