,level_0,index,song_id,name
0,0,0,6TfBA04WJ3X1d1wXhaCFVT,"You're Gonna Go Far, Kid"
1,1,0,3dPQuX8Gs42Y7b454ybpMR,Seven Nation Army
2,2,0,5ghIJDpPoe3CfHMGu71E6T,Smells Like Teen Spirit
3,3,0,4EchqUKQ3qAQuRNKmeIpnf,The Kids Aren't Alright
4,4,0,6L89mwZXSOwYl76YXfX13s,Basket Case
5,5,0,1FkoVC85Ds3mFoK0fVqEqP,Self Esteem
6,6,0,5UWwZ5lm5PKu6eKsHAGxOk,Everlong
7,7,0,1qYcHo4wiesUC2VIRch45G,(Can't Get My) Head Around You
8,8,0,0G21yYKMZoHa30cYVi1iA8,Welcome To The Jungle
9,9,0,7EZC6E7UjZe63f1jRmkWxt,Zombie
10,10,0,5BnFZLH99sYav2cxJFGO2n,Gone Away - 1997
11,11,0,7j31rVgGX9Q2blT92VBEA0,Teenagers
12,12,0,6hwQ69v7VbPhTTR2fOtYX7,Want You Bad
13,13,0,5cZqsjVs6MevCnAkasbEOX,Break Stuff
14,14,0,3SFXsFpeGmBTtQvKiwYMDA,Pretty Fly (For A White Guy)
15,15,0,2m1hi0nfMR9vdGC8UcrnwU,All The Small Things
16,16,0,5JJDu0Z5DKe7mR31MGksSg,Come Out and Play
17,17,0,2DlHlPMa4M17kufBvI2lEN,Chop Suey!
18,18,0,3lfmqF0ULXRHlWxBeaHo3t,Hit That
19,19,0,6eN1f9KNmiWEhpE2RhQqB5,Paradise City
20,20,0,7xm8RWCCBYvEVx1VyErDa3,Half-Truism
21,21,0,5W8YXBz9MTIDyrpYaCg2Ky,Last Resort
22,22,0,717oSBYrcR8awQgUsmyE32,All I Want
23,23,0,6GG73Jik4jUlQCkKg9JuGO,The Middle
24,24,0,0O2UONKvVfdwDyefKh5Yo1,Let The Bad Times Roll
25,25,0,0UFDKFqW2oGspYeYqo9wjA,Bleed It Out
26,26,0,0sNKiz82ATCvT3f3XVVUUj,Why Don't You Get A Job
27,27,0,20I8RduZC2PWMWTDCZuuAN,Take Me Out
28,28,0,6gfDXAX85YWdVwxpbz0npv,Original Prankster
29,29,0,3d9DChrdc6BOeFsbrZ3Is0,Under the Bridge
30,30,0,1feH81BVs89SplmcJzuh1F,Slim Pickens Does The Right Thing And Rides The Bomb To Hell
31,31,0,6PwjJ58I4t7Mae9xfZ9l9v,Somebody Told Me
32,32,0,0vQPY1VCcvZa2Mm6QM63Le,Gotta Get Away
33,33,0,4VqPOruhp5EdPBeR92t6lQ,Uprising
34,34,0,4K20nocu6gubbWYiuCR23K,Can't Repeat
35,35,0,48UPSzbZjgc449aqz8bxox,Californication
36,36,0,6LGeOxAohAJTZ0fxKXMqXa,Hammerhead
37,37,0,6imjJij6aCM0IbbODUzJQn,Kickstart My Heart
38,38,0,0D2A4Rid7gnlcwlspLTkx0,Staring At The Sun
39,39,0,0a7BloCiNzLDD9qSQHh5m7,"Dance, Dance"
40,40,0,6tNeHmedp9qo3BsBp5zOPe,Million Miles Away
41,41,0,5FZxsHWIvUsmSK1IAvm2pp,Best of You
42,42,0,0FLmCEO4OccwwiHxveEpt1,Coming For You
43,43,0,1f2V8U1BiWaC9aJWmpOARe,By the Way
44,44,0,5tFzUj1jV09bo4wBQWSbDl,Bad Habit
45,45,0,1Dr1fXbc2IxaK1Mu8P8Khz,When I Come Around
46,46,0,5VBVIcMh6CWy8szP3U0Ttp,Defy You
47,47,0,5OQsiBsky2k2kDKy2bX2eT,Learn to Fly
48,48,0,2BWt8ozzFptUlrnCilgK6l,Dividing By Zero
49,49,0,60a0Rd6pjrkxjPbaKzXjfq,In the End
50,50,0,2tPy8C6z3eUWGC1iQr4ysZ,Adhd
51,51,0,2gTdDMpNxIRFSiu7HutMCg,I Think I'm OKAY (with YUNGBLUD & Travis Barker)
52,52,0,01VbCa15MmvNg3KMOfoHa2,Loser
53,53,0,7bEDDsy2LFC0KSqhZp5nPE,Sweet Disaster
54,54,0,0tyR7Bu9P086aWBFZ4QJoo,Monsters (feat. blackbear)
55,55,0,1N7Aep1OewK9diaN9WbuuR,Stupid for You
56,56,0,2FhzneTjsV0HR4lXNJTTyI,hurt less
57,57,0,3vlJKLtoumQmNBnj2ZlJe4,Open Arms
58,58,0,5PNzt1Rvt7PUVaGhbq0OVt,Any Other Way
59,59,0,5jsDxDkJ1PqyYUWhDMr86B,Song #3
60,60,0,6wNCdMW82LwJgFrnGqLhpJ,The Ghosts of Beverly Drive
61,61,0,0HjPEb23QO6cGqYfdQVd3K,La La Lainey
62,62,0,7uCBGNn991AM68fR4tSDco,Born For This
63,63,0,0Z1pAncHr1Y9hf3Cu3G0iR,Rockstar
64,64,0,1GIofMbTz83fXqNrEuf4bA,hot girl bummer
65,65,0,50oS45iNMFp7pKIQRAWIUP,Kids In The Dark
66,66,0,0ne8iNLplH15M6EtgzPkf0,Alone Sometimes
67,67,0,7CkeYEfGBL8SYAq63Z72oh,I Wanna Be Your High
68,68,0,1WMBlpjhd3AUQiNfJOzfIl,Songs I Can't Listen To
69,69,0,3CrsuTJomWZmeXIvKhV45l,Stronger
70,70,0,2Rmw7J0krEU75ffhkaK93D,I Miss Having Sex But At Least I Don't Wanna Die Anymore
71,71,0,3zjjzKg16tczCMwckGKGuH,Happy Pills
72,72,0,13b32GfUIo3BV93C8KtEdj,We Don't Have To Dance
73,73,0,5RmGKBLOYl9hbNE7BuDmur,California
74,74,0,0x2TYePnFyfZ9ajY2WMkby,Killer In The Mirror
75,75,0,2tnk7NUXUCcX326HqfokB6,Bipolar Baby!
76,76,0,4pi7qRGw2DDKAJMGHGcZ2O,"deathwish (feat. nothing,nowhere.)"
77,77,0,75nfWESNoYX9X7c82l9Rtk,Scumbag (feat. blink-182)
78,78,0,6pO9pxKxrIHuTRqK7VLP8B,fake friend
79,79,0,3WG3wFBe9NgkWB1mNGE6fJ,Untraveled Road
80,80,0,7qCzenL7S1onPt6QdRsDsd,Into The Dark (feat. Kellin Quinn)
81,81,0,3zRrr0SS4saZOfihrSvlqy,Big Cat Judgement Day
82,82,0,5Xr1q4GLTnNZu6c4K9rsNh,Candy Coated Lie$
83,83,0,0UhWFmdlrBSmZ7A6bFD8L9,C'est la vie
84,84,0,0UD6mo4q4YiH5GnSfvNNP5,Back In School
85,85,0,0criiQKIY1hyU0lRbVhZ8L,Monster
86,86,0,7D5STxidHF2Lt5lRL5iCZW,Everyone's a Secret
87,87,0,0bP8VDZQ3eXgHofaXT88Cr,Moving Boxes
88,88,0,4ELpTiWFYUgFBzrjqt5Q8e,nightmare
89,89,0,5v4OkFH0TJ6W1hCFxyn0px,parents
90,90,0,2DgdHcjWmO3qd50RzuBLgZ,House of Memories
91,91,0,3SWqGa1J0M7hSBUDM0KePD,Legend
92,92,0,1VSuFS7PahCN3SWbOcQ98m,forget me too (feat. Halsey)
93,93,0,4nvGIQPgLnWWJUJrnRsIOX,gfy (with Machine Gun Kelly)
94,94,0,1nonPxrZoz42XGsKtLo3mg,1 Last Cigarette
95,95,0,2Qjkvp4GLlL60lFXtEte0X,Once In A Lifetime
96,96,0,7vXtuHrqgzQi58ihUO7L2d,Karma
97,97,0,1IflC51n9KG5JJh5sHVU1D,"Don't Freak Out (feat. iann dior, Tyson Ritter & Travis Barker)"
98,98,0,2fh3bZ8jZhMxOcfESE9nQY,Don't Threaten Me with a Good Time
99,99,0,2k4X3RZJm1vi2hdGrJ7UXA,Art Hoe
100,100,0,472mFdP6wkHO6xzKn5F4et,Troublemaker
101,101,0,3kB1DY1ou9dg5DfPcNuJbT,more than life (feat. glaive)
102,102,0,3znPiywA0q1VK2jgAZFDoI,Irresistible
103,103,0,1VyiUi0mRnSKgtHa5dBoUd,Spirits
104,104,0,5bgRVYqK2Bbenrg2gqtGWN,Higher
105,105,0,6yxywHX0rto296j9LsM3Pt,Jessica
106,106,0,3XdTm1GS0JrdR3qnf3503e,Bones
107,107,0,5cRPdqpWkaNmIbPi6wJDg2,Born For Greatness
108,108,0,64WtHwNC5X0VzGfzA0IES3,Dial Tones
109,109,0,52cdGN75Ox75dE6CUchFOn,Ribcage
110,110,0,42MlduweFUi2d3O4EyVdz7,Monsters
111,111,0,3YQ96qkxiEwTLwgu2Izcmq,Kamikaze
112,112,0,4wzjNqjKAKDU82e8uMhzmr,Face Down
113,113,0,3px2rAPu74ltbkf9eZsZ8h,Emperor's New Clothes
114,114,0,1rm34PzaavebSDelHPDmYy,pity party (feat. Royal & the Serpent)
115,115,0,6z7mOTf4O20AApGsTNn7fC,Flames (feat. Avril Lavigne)
116,116,0,4jXbcY2ulVT7MOPdN8nR50,Lonely
117,117,0,4GJvolzpuvX8Fp38V1UQCT,Bad Things
118,118,0,4qRaZYiaOsSvWC7VgcxrI0,HandClap
119,119,0,2q9og3lbX4cdRaZMKVmlSY,Wake Up
120,120,0,2E43WFS4rRc09za2r2GmZl,My Songs Know What You Did In The Dark (Light Em Up)
121,121,0,5mkjZ6EciJaZrRXUL5eDfH,Down (feat. Travis Barker)
122,122,0,3IyCL4Em1GOpNGDf451Hg1,Could Have Been Me
123,123,0,4HqIhZr8FuXcRl9P0wQfge,Main Attraction
124,124,0,6JBX1drGsMrTE8JrAYYoou,Somebody That I Used To Know
125,125,0,30h8YS2iYXSTPjqT4txPEh,Dying In A Hot Tub
126,126,0,5jPWuLGRcVDU50pyTCEjQL,Human (feat. Barns Courtney)
127,127,0,4WtbSC67H1NMEO8DKW5PBv,Running Away from Home
128,128,0,3QnWrHBfLKYZ2NYQMgmt52,Chillthefuckout.
129,129,0,0Q9vbV7G2Q6lts13nY9YGP,HOLD ME TIGHT OR DON’T
130,130,0,0XjNHr2LkubWB9l7URFNB7,Heaven Don't Have a Name
131,131,0,11RX9JI2RFo70n5XH8U3Mk,Lavender Bones
132,132,0,058pBOh77XQJNg3YWGr4jN,WANNA BE (feat. Machine Gun Kelly)
133,133,0,5GorCbAP4aL0EJ16frG2hd,Boulevard of Broken Dreams
134,134,0,0wSOIVHG2N3dOxz7Han7R6,Westwood Road
135,135,0,0wKCqsj4BtBeCWdghRCXIf,White Wine Red Lies
136,136,0,3JjmSjijPsu3AWei1adplt,Strange Town
137,137,0,0FNLnZRNWEIbGsb8jkU2lv,Champion
138,138,0,3tBZ60j1jQ7NJm8IjelyQe,emo girl (feat. WILLOW)
139,139,0,065bY5WrLvI3NN9VCK0QLe,Jerk
140,140,0,19YmvsVCetCBeVj6O2mljR,Still Breathing
141,141,0,3LcMLFApeU9uCT8VCWEVjr,Memories (with WILLOW)
142,142,0,6FT9FZccFD6nE8dMNslz2n,Walk On Water
143,143,0,0vI2m662QiemSccfCoN9gR,Mr. Doctor Man
144,144,0,4bPQs0PHn4xbipzdPfn6du,I Write Sins Not Tragedies
145,145,0,6m0Dk7Cm7rWQLzCjeYIiIt,Love It When You Hate Me (feat. blackbear)
146,146,0,37mfTcSlX60JtAvAETytGs,Choke
147,147,0,6qXBZGMoNHTVIebQDECoY9,Sticky
148,148,0,31bJ51bI1rbI9xfhBcoCST,Boys Club
149,149,0,4AXAS26dUVTnCnubySfkbv,The Kid I Used to Know
150,150,0,2VzIKcQrGL6O16YHGNDlyR,Misfits T-Shirt
151,151,0,4QinVyD0wdHBxyszMR9Ryn,Somebody's Idiot
152,152,0,6mibaVAge7lQvoH731VZJa,Brightside
153,153,0,0xx5CXMss5CFv2GPkg97aC,Sociopath
154,154,0,23uaETGG7G7q9PVD0s9PrP,Pins & Needles - KRKS Remix
155,155,0,5csgjh0c05VwX2cDC8mpkb,Find My Own Way
156,156,0,6NJ5Q5QujNwwsst5mdSEfF,Die Happy
157,157,0,5SeQ0LOAs82lEfWO0b71Bs,Dig
158,158,0,4btPFFVz1aZ7RtrIIwe23t,IDFLU
159,159,0,0fIWsHOXrKipJKNFfefn19,Nobody Told Me
160,160,0,2hOI8ROmKpjTIOQk1E4fmr,Vans - King Kavalier Remix
161,161,0,1DXN9BShkC5oCnliOmdTFb,Horns (StayLoose Remix)
162,162,0,3M0tH6TS6OTbvxtpsDJRRw,98 Degrees
163,163,0,22jEGuVPtvtMqKPuXdOVCh,SAD (Clap Your Hands)
164,164,0,6suunQjAKAaTPefqO8RSdU,Expectations
165,165,0,0u0HCSrpWI6vyK3T4WmS4z,Cold War
166,166,0,5LtrJHnBO57EoVHsLR6xR8,Palm Reader
167,167,0,6dtEw6NRpYgHJ5PwnU5U1k,Riot!
168,168,0,3hgESJrxlX103Q78BrEAfr,New Kings
169,169,0,6Jf79FAWNo3RykbL9oUHcA,Leave My Casket Open...
170,170,0,4Dhvd4V7PBQYBrIeUuSZQK,Broken Eyes
171,171,0,4jWkDdPtrZKKelAU49HRwT,Robbery
172,172,0,1fPNeVWqIvY9HxDhYiurzN,Sob Story
173,173,0,4iwjEJYExvmBM5w75RTuLv,Dangerous State of Mind
174,174,0,56eH7o7fPkUupPLjo4tgs9,My Friends Are Robots - Good Bear Remix
175,175,0,0t7mQWJT3f9wSd6q0wqocE,Freaks Like Us
176,176,0,2qBGkpznaZUW6BMcRaJ7o4,A Message from My Heart to My Head
177,177,0,15BsrefgYpMgu1ZCIr8EJw,Painkiller
178,178,0,3I2BllyqPDHd5prcFIQwZU,gxxgle maps
179,179,0,0P5FzJPQcMi6Fx7pY31hlP,What You're Made Of
180,180,0,0sQnRQ6bFtmQf3eeIjdiRg,Fly
181,181,0,4ytlkHbkpwhUCnSQnUrGmf,A Painting in Paris
182,182,0,23SJdG0g0qOBHgxaa9PbMw,Parallel Lines
183,183,0,0cOwPdK6FsqXz967daLc4k,Wish You the Worst
184,184,0,4aq1DwCnOm8r6biTaxdraV,Hanging Posters
185,185,0,7clyJIrLkEbXUDwj1tC9zz,Blood // Water
186,186,0,0fgtqm5zqLoIaE83j6pqnx,Pigs In The Sky VIP (feat. Arrested Youth)
187,187,0,2bFGGsScXp2Tu10jKMCKO6,Figure You Out
188,188,0,3MIDI56fBQenFrMMz2cO7i,Anxiety
189,189,0,4FYDwIa2bMb3laCe1r23Sy,Ryan
190,190,0,0H5g2iaL1PZTxfK3vXWcu6,What Are We Fighting For
191,191,0,5yvG6V9WZDQDmne0eeWJAq,Black X White
192,192,0,16Azhyv8164hYxI8Ax3F5k,Blur
193,193,0,1iOUOg8NiMGZN8TFLVe8Nl,Mirrors - Juelz Remix
194,194,0,5DmuMQwXCveRH8AEE0wue5,Corone
195,195,0,0Q3SC6kEhxYagDP3bFe5K9,Keep It Mello (feat. Omar LinX)
196,196,0,2RJAKIw6nIkgZVsAIKhmqz,In My Head
197,197,0,0ada5XsQGLPUVbmTCkAP49,Hate The Other Side (with Marshmello & The Kid Laroi)
198,198,0,3xBHLZwRfi0fjO9euaj5zf,WRLD On Drugs
199,199,0,1axYKkAUrZbB1axBahVM2J,Supernatural (feat. Anjulie)
200,200,0,0gb1J5UrTpzaU1s3nupgCd,No Money
201,201,0,2DwN99S3TxwTm8MVhajiR2,TKO (feat. Rye Rye & Zion I)
202,202,0,0lks2Kt9veMOFEAPN0fsqN,Lily
203,203,0,6hcaJ2WbQoHmGZ3HSFrSt4,Lovers - AIRWAV Remix
204,204,0,7LpIouxOxJzia26GZvmgkC,Astara
205,205,0,3u1fMBtP6BzTRDFIqpDz6V,Radio Killer
206,206,0,00FVbuhOyp0ujLVvkkXQ8w,Wanderer
207,207,0,7ogKLtV6jod8ujXup6HBku,Back To You
208,208,0,1rYKfbnprpF7di6yoavM72,Paradise
209,209,0,5ekmsmgAjZvx2V3OpaNEci,Blink 182
210,210,0,557lh76vcLy4EQWvZluA32,They're Just Ghosts
211,211,0,7hXFx8ue6LnP6sB8Zf7ik9,Sleep Forever
212,212,0,79ThzrC7DOBzWuxV1MwSUV,Mad Hatter
213,213,0,731SSWCEANBXRq1KqDuQGE,So Poetic
214,214,0,4TMzSXEMtNYOPh21itBKsp,Pilgrims
215,215,0,3eyuK0e2GLBGftcemq3bsx,Glow
216,216,0,4rvfuttxt34i3rPbHYkSw1,Voices
217,217,0,5FOnJCnZO66d2pVxfXxBTd,Ride with U
218,218,0,3GiBAfxZtmbT2DDRRdMQ6T,Heart In The Headlights
219,219,0,5QlOIcPMMw5Mlj8BqAvlzG,Legacy
220,220,0,0EBas1pxvOumkAlSy09QFU,Older
221,221,0,2exjecLdCcslCFWFjM4EUg,Better Off Dead
222,222,0,4LnMxUD2RsEOZ0ZOsnty0o,Not Alone
223,223,0,4yLoZbvsw3UXMgOgylYgQn,Sinner
224,224,0,6mnFjXQqRk1pNFwVoczY1v,Monsters - Prblm Chld Remix
225,225,0,2rUtVGUJiyJ94uF4GkWz2Q,Boy Like Me
226,226,0,4jNVoCNA8ILbmKR9e1OAEY,Fight It
227,227,0,6x0ePXLcrHtI5p7f6yJPBd,Call You Mine
228,228,0,7zweZVDWIMvQIC6bDsEtcL,'99 Benz
229,229,0,0PC0SLBklzJagmMTcNQHZu,Oh Listener Mine
230,230,0,6MZKIg2WfR1qnuAqKBVeqo,Wolverine
231,231,0,0gftGPkqMFcndkmULocY35,'90s Kids
232,232,0,18czZN7uruOjftj71Kt8oj,PAID MY DUES
233,233,0,0OyQns5ayNK2OVaES0Vb8t,Righteous
234,234,0,285pBltuF7vW8TeWk8hdRR,Lucid Dreams
235,235,0,6Gg1gjgKi2AK4e0qzsR7sd,Bandit (with YoungBoy Never Broke Again)
236,236,0,6cjSh516BbrNUs213jDAGm,Graduation (with Juice WRLD)
237,237,0,0nbXyq5TXYPCO7pr3N8S4I,The Box
238,238,0,7FIWs0pqAYbP91WWM0vlTQ,Godzilla (feat. Juice WRLD)
239,239,0,7ytR5pFWmSjzHJIeQkgog4,ROCKSTAR (feat. Roddy Ricch)
240,240,0,6Hj9jySrnFppAI0sEMCZpJ,Robbery
241,241,0,1lOe9qE0vR9zwWQAOk6CoO,Ransom
242,242,0,4lBEQzrXXEBugkN8bfmPPJ,Seven Deadly Sins
243,243,0,6wJYhPfqk3KGhHRG76WzOh,Blueberry Faygo
244,244,0,6o3QUC5oAE4g6WxRIFcZtb,Wishing Well
245,245,0,3KkXRkHbMCARz0aVfEt68P,Sunflower - Spider-Man: Into the Spider-Verse
246,246,0,3ntcm3V9ByPKN6cstxXh80,No I in Team
247,247,0,3gYK7eEFbp6KzmqYRMyQRm,Death Of A Hero
248,248,0,7y7w4tl4MaRC2UMEj1mPtr,Come & Go (with Marshmello)
249,249,0,4TnjEaWOeW0eKTKIEvJyCa,Falling
250,250,0,696DnlkuDOXcMAnKlTgXXK,ROXANNE
251,251,0,2W0AJEbIC2vdZTV2nVSAsg,Outrunning Karma
252,252,0,4VXIryQMWpIdGgYR4TrjT1,All Girls Are The Same
253,253,0,21jGcNKet2qwijlDFuPiPb,Circles
254,254,0,7eJMfftS33KTjuF7lTsMCx,death bed (coffee for your head)
255,255,0,2qxmye6gAegTMjLKEBoR3d,Let Me Down Slowly
256,256,0,2XSO13Gyndo7MDdtYibIxO,Screw Juice
257,257,0,0t3ZvGKlmYmVsDzBJAXK8C,Goodbyes (feat. Young Thug)
258,258,0,7aiClxsDWFRQ0Kzk5KI5ku,hot girl bummer
259,259,0,5Ys68FZdQFcFw7IgkANVoM,1994
260,260,0,4h5N4KyWZMtpeH9vhXSXjd,Life's A Mess (feat. Halsey)
261,261,0,3fE8njy5zdZZCucQbDkxkW,Oxygin
262,262,0,1luvouZc22VOabaHQNMipg,Howling
263,263,0,42MwPTHQWWe4WUNwvdUh6Q,Demons
264,264,0,2fZTS0VboxRpF0FdfY7E5P,Conversations
265,265,0,0VjIjW4GlUZAMYd2vXMi3b,Blinding Lights
266,266,0,4yzAMkr9tEu2Nal17PL5rV,ROB THE FRONTIER
267,267,0,4IhKLu7Vk3j2TLmnFPl6To,Water Fountain
268,268,0,3oDkdAySo1VQQG0ptV7uwa,Lean Wit Me
269,269,0,3eekarcy7kvN4yt5ZFzltW,HIGHEST IN THE ROOM
270,270,0,6uFn47ACjqYkc0jADwEdj1,Pop Out (feat. Lil Tjay)
271,271,0,7pT6WSg4PCt4mr5ZFyUfsF,If We Have Each Other
272,272,0,6rz0dTA0PdhXImFV5EjM0w,Hide (feat. Seezyn)
273,273,0,1wJRveJZLSb1rjhnUHQiv6,Swervin (feat. 6ix9ine)
274,274,0,1Cv1YLb4q0RzL6pybtaMLo,Sunday Best
275,275,0,0DYRjWiFJHvLjxRrywtltC,Annabelle's Homework
276,276,0,2WsuSYJNXGKXVYkHPnq2yp,Ransom (with Juice WRLD) - Remix
277,277,0,3kW4z2pIj5VY5fLjBrMRL5,P2
278,278,0,3L19besdNQzd342qL78xqm,Demons and Angels (feat. Juice WRLD)
279,279,0,211LaT5hzPOKolVtgzwWnq,Steve
280,280,0,4SDgTLDYrJ2UrHbkRkg7MD,Panini - DaBaby Remix
281,281,0,1jaTQ3nqY3oAAYyCTbIvnM,WHATS POPPIN
282,282,0,6H98N10OCmld8m5XyyulO3,Stan - Recorded at Spotify Studios NYC
283,283,0,13ZyrkCDmRz5xY3seuAWYk,Hear Me Calling
284,284,0,37AGgp9VP8TVJBfEat74Bj,Candy (feat. Trippie Redd)
285,285,0,5DHQKZCOZhGNTbYBCekWx0,Paralyzed
286,286,0,0WHi11uzahqpEtPGYCW6oQ,If I Killed Someone For You
287,287,0,6RsRMf9e4KUyo3MecGffNL,I Want It
288,288,0,3PYx9Wte3jwb48V0wArMOy,Keanu Reeves
289,289,0,5i2JGF65pHKSfMEjSMrBC3,Jesus In LA
290,290,0,5lcIegmdblnWqT9nS9EhZj,Up Up And Away
291,291,0,2ajzBr7vwHTEBeqDzcsNRC,That Way - Bonus Track
292,292,0,0YP8kt3sAYTj6eEyesreQH,Glass House (feat. Naomi Wild)
293,293,0,60cYr5uuMoxvyuIx45rGEW,Boy In The Bubble
294,294,0,6MjNilJCVKJq0LfFvo5jWJ,Fast
295,295,0,7yNgSAuwbDJcdRNrBDtKPq,WHY
296,296,0,5R2rsbwCDXORX2tLfprRmM,Yacht Club (feat. Juice WRLD)
297,297,0,4GGSmoTmc5LClrowB4SmEw,Mind Is A Prison
298,298,0,41MCdlvXOl62B7Kv86Bb1v,Empty
299,299,0,1jJci4qxiYcOHhQR247rEU,Kids
300,300,0,70YPzqSEwJvAIQ6nMs1cjY,In Your Arms (with X Ambassadors)
301,301,0,1roCmBlcpV7LzsmB7pmCyt,Let Me Down Slowly (feat. Alessia Cara)
302,302,0,5wujBwqG7INdStqGd4tRMX,Armed And Dangerous
303,303,0,07KXEDMj78x68D884wgVEm,High Fashion (feat. Mustard)
304,304,0,0Xek5rqai2jcOWCYWJfVCF,Enemies (feat. DaBaby)
305,305,0,1rMSja8j1k8VRXXztemdLb,Swim
306,306,0,09NtNfFG4vpHsAUbdUug0M,Smile (with The Weeknd)
307,307,0,6S1IgeHxxOT9qVWnmsdGxe,Treehouse (feat. Shotty Horroh)
308,308,0,2XU0oxnq2qxCpomAAuJY8K,Dance Monkey
309,309,0,22AJMMJMaQ3qtTwlegrKcm,Six Feet Apart
310,310,0,7d94IqWX2UmSKMGUYSGFJG,Bad Energy
311,311,0,733c1CWmIGymoQXdp7Us88,"Numbers (feat. Roddy Ricch, Gunna and London On Da Track)"
312,312,0,4sjiIpEv617LDXaidKioOI,223's (feat. 9lokknine)
313,313,0,0IrtQ83z9jylZaLEJK2eoy,Gotta Be A Reason
314,314,0,1YM6c2sxbf2Jacl9IFgn4I,Titanic
315,315,0,3g0mEQx3NTanacLseoP0Gw,Takeaway
316,316,0,6GSkLS2y4ZnnZsuRAj975K,Project Dreams
317,317,0,2U12JbtnFSYa5Av5wEcEDX,Oh My God
318,318,0,21CkzgKCBCq5V4XKjiGSIj,Stay High
319,319,0,2QcnqlK5qj6ZXArpSHqHQp,Seven Deadly Sins
320,320,0,3Z8FwOEN59mRMxDCtb8N0A,Be Kind (with Halsey)
321,321,0,1PsMieVYFXrSeXMxuE2SbG,Must Have Been The Wind
322,322,0,0fCwrjKfWxF3xQhZrYUw4T,Blood On My Jeans
323,323,0,2oejEp50ZzPuQTQ6v54Evp,Call You Mine
324,324,0,7fPuWrlpwDcHm5aHCH5D9t,Roses - Imanbek Remix
325,325,0,40KuvsFD0zpUFuCcmt5Xm0,Ex Bitch
326,326,0,1KVczjazCcCCgM3gXXUl47,Roses (with Juice WRLD feat. Brendon Urie)
327,327,0,15277wUzsEKo3bxCIxFLgk,Hero of Our Time
328,328,0,5lehoWkVPujeOAwb8BO0uK,Only
329,329,0,0b11D9D0hMOYCIMN3OKreM,Into Your Arms (feat. Ava Max)
330,330,0,0q21FNwES2bbtcduB6kjEU,Dancing in the Moonlight
331,331,0,6ztstiyZL6FXzh4aG46ZPD,Boogie Wonderland
332,332,0,7qK3JFriCqLorQivsJYG2X,Stayin Alive
333,333,0,4o6BgsqLIBViaGVbx5rbRk,You Make My Dreams (Come True)
334,334,0,5iFwAOB2TFkPJk8sMlxP8g,Make You Mine
335,335,0,2rXVtoLBHuXcNB5DVfIc9p,Happiness
336,336,0,46A71ZDLPRIFCppAdV2W6j,His Theme
337,337,0,2o1K1hHiYDC2jVQRyDxMJa,"Thanks, Eliza"
338,338,0,1XT95SWe6U0nZmchAfZh2T,Pay No Mind (feat. Passion Pit)
339,339,0,5fxrnG0VTla4dlTmjLkoPN,I'm Perfect
340,340,0,2lwwrWVKdf3LR9lbbhnr6R,Float On
341,341,0,18unwp2OCuZ65sKWd73PDy,Man on the Moon
342,342,0,4poqovyJtmlKMDnSz6QwsE,The Kid I Used to Know
343,343,0,3760Ge809Qt37dtRMHsG1f,Expectations
344,344,0,6lvaLDCPjbxhC8EmNVHfIO,Dig
345,345,0,4AtMk3bpZNUtipRNy50MBO,Brightside
346,346,0,7Ee4NvfKVO1nol38l1lLBm,Killing Giants
347,347,0,780G2Qb1CEMtFR605KU6Gh,Framtiden är vår (feat. NORSJÖ)
348,348,0,7uNu0IWPFHHmi8KI3akdEg,Departure
349,349,0,0gyAtsUMGDlf4FGKLSXnCW,Find My Own Way
350,350,0,6nnacTL5on2aVsRhVDNUSo,Through the Fire and Flames
351,351,0,06Zz2l7cVTCTgCNDe1bnEF,Have A Nice Day
352,352,0,1uPqnaQ4r1Fwe4KijfYGKD,It's My Life - Old Classic Version
353,353,0,6TGapnqEUkkSBanKyn5qYy,OutRight
354,354,0,5Y1JDF28qQDml25pVadnzb,Frame of Mind
355,355,0,3WjsaQylfVq87F6hLfayiQ,Let You Down
356,356,0,41Zl6ylPqRfIMTrvPAMa76,LSD
357,357,0,1VYHeY9ulPnsMHKvXPyG5H,Sweet Mistake
358,358,0,75ZvA4QfFiZvzhj2xkaWAh,I Fall Apart
359,359,0,54yT3t8hSaJUvdHer3ZaB1,Alexis
360,360,0,7iHHxY2NLlJRAmlAmC4ahQ,Stuck In A Dream (feat. Gunna)
361,361,0,6QNFQJKlZUKr0xlGZ74CZJ,Rich And Blind
362,362,0,18T1Jfi5fnlPZCGkyK8VVq,Hugo
363,363,0,5HoiZ12WqCuXCFYYKldR0B,What It Do
364,364,0,6yGjat0n8NitWLgvVXpJ8U,Sunrise
365,365,0,63psBh1jACfpWZtpZQZbVM,Castaway
366,366,0,54fiTamOOfnsB9wmxhaENl,Feels Right - Radio Edit
367,367,0,2ZLL9Blx7Tq4tBrhE9YvXE,The Underdog
368,368,0,57i3M29DWoo7RDk0Tf0LZG,Daylight
369,369,0,4Sfa7hdVkqlM8UW5LsSY3F,Take a Walk
370,370,0,3VT8hOC5vuDXBsHrR53WFh,Astronaut In The Ocean
371,371,0,3feJr3NFjEi5l6FeQz2iC7,Pistol
372,372,0,1hPHr3Qc4AMBow09aw12AM,Look How Far We've Come
373,373,0,7HFGvz6pWt8RW3sA6Orl3k,Bandaids
374,374,0,3bynunZFKWiCJwNNasgBzl,Rockstar
375,375,0,6QnrGUeY5UKNo1daLSfSKB,High on You
376,376,0,3zRgdfwiFzHeDq4VYOpYpk,I'm Something Else
377,377,0,2dpaYNEQHiRxtZbfNsse99,Happier
378,378,0,2nLLW8W2NhB89fzywmtomb,Promised Land (Stripped Acoustic)
379,379,0,3EPXxR3ImUwfayaurPi3cm,Be Alright
380,380,0,4PANCoXZX3RaT2D6mqSdEU,changes
381,381,0,6v1sy4kEyzRkrE9KLiD9Dz,Im Good (feat. Roze & Drumma Battalion)
382,382,0,53fMilutqxWd5QOhHweInL,Disappointed
383,383,0,4kad7RSRCt8ttCkIjEmErs,Royalty
384,384,0,6ae29ZzSPYq61ARnOn3CGh,California
385,385,0,11DpzO37X3lrvDLS5dYta1,Best Friend - Acoustic
386,386,0,4tTzdneIuunKksESB71cws,Play Me Like a Violin
387,387,0,1KCAEG6JcsTzi8ddZzs0nk,You Want a Battle? (Here's a War)
388,388,0,1KtU0WCq472KzqCXgMOxkS,That's What I Like - Alan Walker Remix
389,389,0,5PB7yyYeLYkfPqmC0hwlXl,The Loudest Silence
390,390,0,0SuLAslEMFZAXf0SwY7syi,All Time Low
391,391,0,6WnPykFrvCdf0tEhzrkOHJ,Hasselhoff 2017
392,392,0,2gQPRX0oxuuth1W6J3VAM5,Personal
393,393,0,7ewraUQ1M5KwLZoFnPyXZG,Gas Gas Gas (Initial D)
394,394,0,2DGa7iaidT5s0qnINlwMjJ,The Spectre
395,395,0,0Zbbxnx4SGGHoIow4PpISP,Stargazing
396,396,0,3WtCu35qpzGCLIGa8pczdu,Colors - Audien Remix
397,397,0,1TnUURhehaoMWKAqQtirm6,Colors
398,398,0,4iZPNYqzI2L0uwuUKun7Aa,Stole the Show
399,399,0,05KizhJc5qATFI2D7SauJ5,Bounce
400,400,0,1KDX8TC34n6CNryBEEMclR,Show You
401,401,0,1V3BpCUSyBt9PDZ309652A,Want U 2
402,402,0,1aS1uzcAC14lduwuNJZjqE,Know Me
403,403,0,2D6VbgcGFSBhhZJHbVAN1Q,Take It Back
404,404,0,4wXum3jZgEGLxScTygQ5US,Blocks
405,405,0,68pL3hokJXKJ1vJSaEhKr7,Home
406,406,0,6aWiGv6hPG0o3ri7QHNs8t,Find Me
407,407,0,3t3oNm7M0HXf7ILqA7vCTP,Sound of Walking Away
408,408,0,1OmcAT5Y8eg5bUPv9qJT4R,rockstar
409,409,0,4ZkVOb0mNnm3MFY2LeyqHY,Poison
410,410,0,6QJnaTEqZYHoA1RWv9NHKS,Xenogenesis
411,411,0,0aersVHlGGXcHeRvHtuaSt,Dancing On Glass
412,412,0,5ZrMsYKEvnbHtJMgHF1AVA,start//end
413,413,0,6d8MHAb3LSuAz42yyDM4q1,1 Thot 2 Thot Red Thot Blue Thot
414,414,0,7mLyWGOqr7OHxg17Zkg5rc,Reforget (Milk N Cooks Remix)
415,415,0,1JY6B9ILvmRla2IKKRZvnH,Sad Machine
416,416,0,2bKhIGdMdcqCqQ2ZhSv5nE,Middle
417,417,0,6Ehy8wRUYjAZcMMRCxMZVM,Moving On
418,418,0,2mTvrbkjut8EeWhC9oru6d,Leaving
419,419,0,104buTcnP2AsxqB7U1FIZ4,Heavy (feat. Kiiara)
420,420,0,5ss3IdcaUnOqAzSU1JYoTy,Wallpaper
421,421,0,7BFewkXBkGzPJ05yl8CSci,Hurricane (feat. Lily Elise)
422,422,0,2Kl1E3NdbzT7vVi93TffoX,Pompeii - Audien Remix
423,423,0,1Hk0QRlUFCHYG6zIvUh0Xd,Summer
424,424,0,7zsXy7vlHdItvUSH8EwQss,Cold Water
425,425,0,74Ru27B7Jx8mBt5MGvGLLv,Light
426,426,0,7uSZPbd8DxdkmSauCKnITY,We Rise
427,427,0,6NV8SeJUDh1oO6l4WWsb99,Wallflowers
428,428,0,7vGuf3Y35N4wmASOKLUVVU,Silence
429,429,0,0lYBSQXN6rCTvUZvg9S0lU,Let Me Love You
430,430,0,1uC8D2peyTZAL8NjfnBj1D,With Or Without You
431,431,0,3vqyauyYbp9MqUwrCEmWJ0,Despacito
432,432,0,1taz71WL8grTxW6JLiL1i8,Thunderstruck
433,433,0,0XejjAXX6NAy6tcAyxyDpY,Schindler's List Main Theme
434,434,0,1y2VTYeE7Glc4UQF9kvuzj,Moon River
435,435,0,3AZ69M4QXCgM6sq6B8nLzK,Cinema Paradiso
436,436,0,3DtXg352jYP9fUhIqrnFDP,"For the Love of a Princess (From ""Braveheart"")"
437,437,0,3es5hmocvsBrFk3HhhqUKH,Love Theme from The Godfather
438,438,0,3sx0cmtWY1KceThLKchIyU,Love Story
439,439,0,4iFjfJGjqh6ixgy6vFCjAk,Malena
440,440,0,4jeh9ZloYVCqvQw17Dg1Mh,Game of Thrones Medley
441,441,0,5lnzLJt883Pz3cqJvt4NC6,Titles from Chariots of Fire
442,442,0,6AwixzgVSnozHGnaDXfT22,"My Heart Will Go On (from ""Titanic"")"
443,443,0,6KOBMsYaTl9ehUTF3NcX3c,May it Be
444,444,0,6OLgebma3uuh5KDG5ZXjF5,Now We are Free
445,445,0,6Qf5K6OEDjXNty8p91yxvQ,Cavatina
446,446,0,7FTnomIqJmXIbYeyddk52o,Rain Man Theme
447,447,0,57wyLm1TrXFisZAtzRzalS,Fumes
448,448,0,6NiXAdF2005XfIrbJ2JCN9,XO
449,449,0,4z1OTvKWtgxqNxzAzFda79,Running in the 90s
450,450,0,2mCF8L0brIs88eH6Kf2h9p,Fast Car
451,451,0,1IUaBG4g969TxLbdEdLHaE,All We Do
452,452,0,7og4nJ1NCle7JUsT1FfsTt,tell me it's okay
453,453,0,1Dhn8urPQTReGSmpRCXASj,One Last Time
454,454,0,4dDZyGxClFiOBUjcpxhXWg,Hurt
455,455,0,0n3lXKNCF3Wvvcs7UY66Ae,Nocturne (Pierce Fulton Remix)
456,456,0,2zbq8QdgWACnYdKTu2xIE4,Billie Jean
457,457,0,0GxCUPDU0ePWJOeAQzNqao,Gravity
458,458,0,1bMsdNU9Lt1yvYBSIpnNDm,Catch Me If You Can (Bonus Track)
459,459,0,3JHiZ7POAgfmobe7ar1SUm,Nocturne
460,460,0,0Mf6WhWLfOpzOxacvbcboj,rock + roll
461,461,0,5cIZoKmBiFgjabaBG0D9fO,and
462,462,0,6REPF37KwcWMqyk6XCuB7p,Circles
463,463,0,7fJALFBexDXzu0QdatF5O4,Fumes
464,464,0,01t8SVEV5Ti2aYBWdSA2tz,A Love Ballad (live)
465,465,0,067moDu6srdfuU8K4ZEF9G,Rehab Center For Fictional Characters
466,466,0,0sStetLUGQhX72vFRVFqti,I'm Bo Yo (live)
467,467,0,1ZCdXHCFhvHOXagAOUtQE8,Klan Kookout (live)
468,468,0,1cpgAlpCsoJpRgeqb5SYCE,Love Is... (live)
469,469,0,228aVnOcZfLlW1RqWKoLH1,High School Party (live)
470,470,0,4hP4z3L25Yw5IfByWxuAh8,New Math (live)
471,471,0,5KrqDGB56mNCJc7hmxRyTz,The Perfect Woman (live)
472,472,0,5jyrvaNgMdejnBjrXiWo35,Welcome To YouTube
473,473,0,5qVNshoO7VpXkMsw2hgZvU,Bo Fo Sho (live)
474,474,0,62KNuENCGEhgf520I0Tjl6,Bonus Track
475,475,0,0bkOJcmZ3dO4gDJ5D8cwvv,My Whole Family... (live)
476,476,0,54zS39oDi8p9adV0gyIzdD,OH BO (studio)
477,477,0,4sG3QE7shDNk1DKJwEAiz5,I'm Bo Yo
478,478,0,0QMiI7yf8rHfwdfvJIgvrE,Nerds - Studio
479,479,0,07xM26pWCDsUWV2ialwgNf,Sad
480,480,0,6ghnKwHcGX1RLPWjJYKbGd,From God's Perspective
481,481,0,3b5Li4QKDVBx1x7fQuu54a,Tired
482,482,0,26ZX2JrAb8AFbr8FFfAsO7,sex
483,483,0,0ZAiqymvbQUZAh9y6ZT3Rm,XO
484,484,0,7j5DNclXXrNL4LPw59qcUK,End Credits
485,485,0,3OXpdrHLT4IqM76RajgM6Q,drugs
486,486,0,3gcT0qbO6Lha9cLpJlZELy,Wake Up
487,487,0,1brwdYwjltrJo7WHpIvbYt,Faded
488,488,0,0RuUeO4zOHzrywgjmXfy5N,Grenade (feat. Lindsey Stirling)
489,489,0,4I0vks4HhXQiD2d9lLll8x,Peponi (feat. the Piano Guys)
490,490,0,7gDKfEMIhyyO4asgEXwcrs,Fire Burning
491,491,0,2DPYlWl50ydYsnnuryL5aX,Cooler Than Me (feat. Big Sean)
492,492,0,12mGwph2YzDIlChtq3EdXP,Alone
493,493,0,0WjYgf4qH3B0v0HmW61doL,iSpy
494,494,0,11PrqP7puJCBjvMdcVwQPR,My House
495,495,0,11Ojp7JniVvwd0gmgvyKkd,Wrong Side of Heaven
496,496,0,3FS2e59gXFXrcg7sN2mL5z,Shots & Squats
